{
  "4-10": {
    "Random": {
      "Precision@K": 0.0,
      "Recall@K": 0.0,
      "F1@K": 0.0,
      "NDCG@K": 0.0,
      "ILD": 0.8646031746031748,
      "ARPL": 0.4078698192291111,
      "有效推荐率": 1.0,
      "平均列表长度": 10.0
    },
    "Popular": {
      "Precision@K": 0.017391304347826087,
      "Recall@K": 0.17391304347826086,
      "F1@K": 0.03162055335968379,
      "NDCG@K": 0.08787896244486332,
      "ILD": 0.8029347442680775,
      "ARPL": 1.8778614942651778e-05,
      "有效推荐率": 1.0,
      "平均列表长度": 10.0
    },
    "Genre": {
      "Precision@K": 0.0,
      "Recall@K": 0.0,
      "F1@K": 0.0,
      "NDCG@K": 0.0,
      "ILD": 0.38052668182297816,
      "ARPL": 0.18809690639752136,
      "有效推荐率": 1.0,
      "平均列表长度": 10.0
    },
    "Qdrant": {
      "Precision@K": 0.0,
      "Recall@K": 0.0,
      "F1@K": 0.0,
      "NDCG@K": 0.0,
      "ILD": 0.6445726043503821,
      "ARPL": 0.3237840886274587,
      "有效推荐率": 1.0,
      "平均列表长度": 10.0
    }
  }
}