{
  "0": {
    "Random": {
      "Precision@K": 0.0,
      "Recall@K": 0.0,
      "F1@K": 0.0,
      "NDCG@K": 0.0,
      "ILD": 0.8564021164021164,
      "ARPL": 0.3891705159883601,
      "有效推荐率": 1.0,
      "平均列表长度": 10.0
    },
    "Popular": {
      "Precision@K": 0.0,
      "Recall@K": 0.0,
      "F1@K": 0.0,
      "NDCG@K": 0.0,
      "ILD": 0.809206349206349,
      "ARPL": 1.8586402476788697e-05,
      "有效推荐率": 1.0,
      "平均列表长度": 10.0
    },
    "Genre": {
      "Precision@K": 0.0,
      "Recall@K": 0.0,
      "F1@K": 0.0,
      "NDCG@K": 0.0,
      "ILD": 0.8027513227513229,
      "ARPL": 0.03358239318839678,
      "有效推荐率": 1.0,
      "平均列表长度": 10.0
    },
    "Qdrant": {
      "Precision@K": 0.0,
      "Recall@K": 0.0,
      "F1@K": 0.0,
      "NDCG@K": 0.0,
      "ILD": 0.6074074074074075,
      "ARPL": 0.19504472380999344,
      "有效推荐率": 1.0,
      "平均列表长度": 10.0
    }
  }
}