{
  "11-50": {
    "Random": {
      "Precision@K": 0.0,
      "Recall@K": 0.0,
      "F1@K": 0.0,
      "NDCG@K": 0.0,
      "ILD": 0.8604878537357703,
      "ARPL": 0.420370673107704,
      "有效推荐率": 1.0,
      "平均列表长度": 10.0
    },
    "Popular": {
      "Precision@K": 0.040306122448979596,
      "Recall@K": 0.09509434726271461,
      "F1@K": 0.053908055852517844,
      "NDCG@K": 0.08042010377792284,
      "ILD": 0.7945164021164021,
      "ARPL": 1.945981296528561e-05,
      "有效推荐率": 1.0,
      "平均列表长度": 10.0
    },
    "Genre": {
      "Precision@K": 0.002551020408163265,
      "Recall@K": 0.005547457078069324,
      "F1@K": 0.003263147364208841,
      "NDCG@K": 0.004353367988879817,
      "ILD": 0.4018391599141599,
      "ARPL": 0.20727955141968432,
      "有效推荐率": 1.0,
      "平均列表长度": 10.0
    },
    "Qdrant": {
      "Precision@K": 0.00510204081632653,
      "Recall@K": 0.013836248785228378,
      "F1@K": 0.007118149457585232,
      "NDCG@K": 0.014494568373190223,
      "ILD": 0.6474012965319512,
      "ARPL": 0.33009045595178704,
      "有效推荐率": 1.0,
      "平均列表长度": 10.0
    }
  }
}