{
  "1-3": {
    "Random": {
      "Precision@K": 0.0,
      "Recall@K": 0.0,
      "F1@K": 0.0,
      "NDCG@K": 0.0,
      "ILD": 0.8676709054834053,
      "ARPL": 0.3284689674064084,
      "有效推荐率": 1.0,
      "平均列表长度": 10.0
    },
    "Popular": {
      "Precision@K": 0.0,
      "Recall@K": 0.0,
      "F1@K": 0.0,
      "NDCG@K": 0.0,
      "ILD": 0.8092063492063492,
      "ARPL": 1.8586402476788697e-05,
      "有效推荐率": 1.0,
      "平均列表长度": 10.0
    },
    "Genre": {
      "Precision@K": 0.0,
      "Recall@K": 0.0,
      "F1@K": 0.0,
      "NDCG@K": 0.0,
      "ILD": 0.47365740740740736,
      "ARPL": 0.048390270597222486,
      "有效推荐率": 1.0,
      "平均列表长度": 10.0
    },
    "Qdrant": {
      "Precision@K": 0.0,
      "Recall@K": 0.0,
      "F1@K": 0.0,
      "NDCG@K": 0.0,
      "ILD": 0.7087268518518518,
      "ARPL": 0.3509796799747652,
      "有效推荐率": 1.0,
      "平均列表长度": 10.0
    }
  }
}