{
  "50+": {
    "Random": {
      "Precision@K": 0.0,
      "Recall@K": 0.0,
      "F1@K": 0.0,
      "NDCG@K": 0.0,
      "ILD": 0.8598277737694403,
      "ARPL": 0.40041565126110157,
      "有效推荐率": 1.0,
      "平均列表长度": 10.0
    },
    "Popular": {
      "Precision@K": 0.1665,
      "Recall@K": 0.07417552751778608,
      "F1@K": 0.09162562635372064,
      "NDCG@K": 0.16980200988941957,
      "ILD": 0.79111860670194,
      "ARPL": 2.103969705158865e-05,
      "有效推荐率": 1.0,
      "平均列表长度": 10.0
    },
    "Genre": {
      "Precision@K": 0.0045000000000000005,
      "Recall@K": 0.002404579579579579,
      "F1@K": 0.0029359101404400636,
      "NDCG@K": 0.004204006288629555,
      "ILD": 0.4079853550770217,
      "ARPL": 0.19552028517182962,
      "有效推荐率": 1.0,
      "平均列表长度": 10.0
    },
    "Qdrant": {
      "Precision@K": 0.009000000000000001,
      "Recall@K": 0.005578267876861227,
      "F1@K": 0.006390895492282214,
      "NDCG@K": 0.012712927349624701,
      "ILD": 0.6770618534243533,
      "ARPL": 0.35404769598190283,
      "有效推荐率": 1.0,
      "平均列表长度": 10.0
    }
  }
}