{
  "10+": {
    "Random": {
      "Precision@K": 0.0005076142131979696,
      "Recall@K": 0.00015382248884786957,
      "F1@K": 0.00023609963404556727,
      "NDCG@K": 0.00028162581477396366,
      "ILD": 0.868352417027417,
      "ARPL": 0.40147719545371807,
      "有效推荐率": 1.0,
      "平均列表长度": 10.0,
      "冷启动物品召回率": 0.346
    },
    "Popular": {
      "Precision@K": 0.12893401015228428,
      "Recall@K": 0.0880335188000373,
      "F1@K": 0.08369201249204916,
      "NDCG@K": 0.14585207284618262,
      "ILD": 0.7934412698412698,
      "ARPL": 2.052928932660915e-05,
      "有效推荐率": 1.0,
      "平均列表长度": 10.0,
      "冷启动物品召回率": 1.0
    },
    "Genre": {
      "Precision@K": 0.005076142131979695,
      "Recall@K": 0.00557148519077453,
      "F1@K": 0.0041227514116142765,
      "NDCG@K": 0.005823658839895314,
      "ILD": 0.3992411264661266,
      "ARPL": 0.19691255248995795,
      "有效推荐率": 1.0,
      "平均列表长度": 10.0,
      "冷启动物品召回率": 0.5865
    },
    "Qdrant": {
      "Precision@K": 0.008629441624365483,
      "Recall@K": 0.009419645151271723,
      "F1@K": 0.007590513666339483,
      "NDCG@K": 0.015298161858886853,
      "ILD": 0.6581651577258721,
      "ARPL": 0.3420183545662913,
      "有效推荐率": 1.0,
      "平均列表长度": 10.0,
      "冷启动物品召回率": 0.4755
    }
  }
}