{
  "3-10": {
    "Random": {
      "Precision@K": 0.0005,
      "Recall@K": 8.474576271186441e-05,
      "F1@K": 0.00014492753623188408,
      "NDCG@K": 0.0003824261667564115,
      "ILD": 0.867701699535033,
      "ARPL": 0.41935716248111554,
      "有效推荐率": 1.0,
      "平均列表长度": 10.0,
      "冷启动物品召回率": 0.2675
    },
    "Popular": {
      "Precision@K": 0.22550000000000003,
      "Recall@K": 0.04926616643500692,
      "F1@K": 0.06470563513880358,
      "NDCG@K": 0.20002947789389836,
      "ILD": 0.7979741822991824,
      "ARPL": 2.1905686690494148e-05,
      "有效推荐率": 1.0,
      "平均列表长度": 10.0,
      "冷启动物品召回率": 0.0
    },
    "Genre": {
      "Precision@K": 0.004,
      "Recall@K": 0.0005355416185761438,
      "F1@K": 0.0009231923656139149,
      "NDCG@K": 0.0020578671221847377,
      "ILD": 0.41313625695292366,
      "ARPL": 0.1939672689496449,
      "有效推荐率": 1.0,
      "平均列表长度": 10.0,
      "冷启动物品召回率": 0.244
    },
    "Qdrant": {
      "Precision@K": 0.0105,
      "Recall@K": 0.004080646613882395,
      "F1@K": 0.004787646066842122,
      "NDCG@K": 0.014136498681889065,
      "ILD": 0.6652494043104161,
      "ARPL": 0.3880610517855253,
      "有效推荐率": 1.0,
      "平均列表长度": 10.0,
      "冷启动物品召回率": 0.2075
    }
  }
}