{
  "0-2": {
    "Random": {
      "Precision@K": 0.00101010101010101,
      "Recall@K": 7.419038407100383e-05,
      "F1@K": 0.00013632946113087332,
      "NDCG@K": 0.0005873976152297982,
      "ILD": 0.8700013067179735,
      "ARPL": 0.40427533258149057,
      "有效推荐率": 1.0,
      "平均列表长度": 10.0,
      "冷启动物品召回率": 0.409
    },
    "Popular": {
      "Precision@K": 0.2621212121212121,
      "Recall@K": 0.04829828874491549,
      "F1@K": 0.05869366647944565,
      "NDCG@K": 0.2397085507362121,
      "ILD": 0.7982581729998397,
      "ARPL": 2.197094368260496e-05,
      "有效推荐率": 1.0,
      "平均列表长度": 10.0,
      "冷启动物品召回率": 0.0
    },
    "Genre": {
      "Precision@K": 0.003535353535353535,
      "Recall@K": 0.0007165464337144454,
      "F1@K": 0.0011402485852992994,
      "NDCG@K": 0.0022595608114712234,
      "ILD": 0.41660252247752255,
      "ARPL": 0.19495620291481022,
      "有效推荐率": 1.0,
      "平均列表长度": 10.0,
      "冷启动物品召回率": 0.166
    },
    "Qdrant": {
      "Precision@K": 0.013131313131313133,
      "Recall@K": 0.006190524336768139,
      "F1@K": 0.006045411471806246,
      "NDCG@K": 0.017132088559732323,
      "ILD": 0.6674724415135131,
      "ARPL": 0.38984837703495395,
      "有效推荐率": 1.0,
      "平均列表长度": 10.0,
      "冷启动物品召回率": 0.261
    }
  }
}