{
  "metadata": {
    "timestamp": "2026-05-22T11:59:05.483804",
    "top_n": 10,
    "n_users": 127325,
    "n_movies": 73249,
    "n_ratings": 20000000,
    "user_groups": "0,1-3,4-10,11-50,50+",
    "item_groups": "0-2,3-10,10+",
    "strategies": [
      "random",
      "popular",
      "genre",
      "qdrant"
    ]
  },
  "user_coldstart": {
    "0": {
      "Random": {
        "Precision@K": 0.0,
        "Recall@K": 0.0,
        "F1@K": 0.0,
        "NDCG@K": 0.0,
        "ILD": 0.8564021164021164,
        "ARPL": 0.3891705159883601,
        "有效推荐率": 1.0,
        "平均列表长度": 10.0
      },
      "Popular": {
        "Precision@K": 0.0,
        "Recall@K": 0.0,
        "F1@K": 0.0,
        "NDCG@K": 0.0,
        "ILD": 0.809206349206349,
        "ARPL": 1.8586402476788697e-05,
        "有效推荐率": 1.0,
        "平均列表长度": 10.0
      },
      "Genre": {
        "Precision@K": 0.0,
        "Recall@K": 0.0,
        "F1@K": 0.0,
        "NDCG@K": 0.0,
        "ILD": 0.8027513227513229,
        "ARPL": 0.03358239318839678,
        "有效推荐率": 1.0,
        "平均列表长度": 10.0
      },
      "Qdrant": {
        "Precision@K": 0.0,
        "Recall@K": 0.0,
        "F1@K": 0.0,
        "NDCG@K": 0.0,
        "ILD": 0.6074074074074075,
        "ARPL": 0.19504472380999344,
        "有效推荐率": 1.0,
        "平均列表长度": 10.0
      }
    },
    "1-3": {
      "Random": {
        "Precision@K": 0.0,
        "Recall@K": 0.0,
        "F1@K": 0.0,
        "NDCG@K": 0.0,
        "ILD": 0.8676709054834053,
        "ARPL": 0.3284689674064084,
        "有效推荐率": 1.0,
        "平均列表长度": 10.0
      },
      "Popular": {
        "Precision@K": 0.0,
        "Recall@K": 0.0,
        "F1@K": 0.0,
        "NDCG@K": 0.0,
        "ILD": 0.8092063492063492,
        "ARPL": 1.8586402476788697e-05,
        "有效推荐率": 1.0,
        "平均列表长度": 10.0
      },
      "Genre": {
        "Precision@K": 0.0,
        "Recall@K": 0.0,
        "F1@K": 0.0,
        "NDCG@K": 0.0,
        "ILD": 0.47365740740740736,
        "ARPL": 0.048390270597222486,
        "有效推荐率": 1.0,
        "平均列表长度": 10.0
      },
      "Qdrant": {
        "Precision@K": 0.0,
        "Recall@K": 0.0,
        "F1@K": 0.0,
        "NDCG@K": 0.0,
        "ILD": 0.7087268518518518,
        "ARPL": 0.3509796799747652,
        "有效推荐率": 1.0,
        "平均列表长度": 10.0
      }
    },
    "4-10": {
      "Random": {
        "Precision@K": 0.0,
        "Recall@K": 0.0,
        "F1@K": 0.0,
        "NDCG@K": 0.0,
        "ILD": 0.8646031746031748,
        "ARPL": 0.4078698192291111,
        "有效推荐率": 1.0,
        "平均列表长度": 10.0
      },
      "Popular": {
        "Precision@K": 0.017391304347826087,
        "Recall@K": 0.17391304347826086,
        "F1@K": 0.03162055335968379,
        "NDCG@K": 0.08787896244486332,
        "ILD": 0.8029347442680775,
        "ARPL": 1.8778614942651778e-05,
        "有效推荐率": 1.0,
        "平均列表长度": 10.0
      },
      "Genre": {
        "Precision@K": 0.0,
        "Recall@K": 0.0,
        "F1@K": 0.0,
        "NDCG@K": 0.0,
        "ILD": 0.38052668182297816,
        "ARPL": 0.18809690639752136,
        "有效推荐率": 1.0,
        "平均列表长度": 10.0
      },
      "Qdrant": {
        "Precision@K": 0.0,
        "Recall@K": 0.0,
        "F1@K": 0.0,
        "NDCG@K": 0.0,
        "ILD": 0.6445726043503821,
        "ARPL": 0.3237840886274587,
        "有效推荐率": 1.0,
        "平均列表长度": 10.0
      }
    },
    "11-50": {
      "Random": {
        "Precision@K": 0.0,
        "Recall@K": 0.0,
        "F1@K": 0.0,
        "NDCG@K": 0.0,
        "ILD": 0.8604878537357703,
        "ARPL": 0.420370673107704,
        "有效推荐率": 1.0,
        "平均列表长度": 10.0
      },
      "Popular": {
        "Precision@K": 0.040306122448979596,
        "Recall@K": 0.09509434726271461,
        "F1@K": 0.053908055852517844,
        "NDCG@K": 0.08042010377792284,
        "ILD": 0.7945164021164021,
        "ARPL": 1.945981296528561e-05,
        "有效推荐率": 1.0,
        "平均列表长度": 10.0
      },
      "Genre": {
        "Precision@K": 0.002551020408163265,
        "Recall@K": 0.005547457078069324,
        "F1@K": 0.003263147364208841,
        "NDCG@K": 0.004353367988879817,
        "ILD": 0.4018391599141599,
        "ARPL": 0.20727955141968432,
        "有效推荐率": 1.0,
        "平均列表长度": 10.0
      },
      "Qdrant": {
        "Precision@K": 0.00510204081632653,
        "Recall@K": 0.013836248785228378,
        "F1@K": 0.007118149457585232,
        "NDCG@K": 0.014494568373190223,
        "ILD": 0.6474012965319512,
        "ARPL": 0.33009045595178704,
        "有效推荐率": 1.0,
        "平均列表长度": 10.0
      }
    },
    "50+": {
      "Random": {
        "Precision@K": 0.0,
        "Recall@K": 0.0,
        "F1@K": 0.0,
        "NDCG@K": 0.0,
        "ILD": 0.8598277737694403,
        "ARPL": 0.40041565126110157,
        "有效推荐率": 1.0,
        "平均列表长度": 10.0
      },
      "Popular": {
        "Precision@K": 0.1665,
        "Recall@K": 0.07417552751778608,
        "F1@K": 0.09162562635372064,
        "NDCG@K": 0.16980200988941957,
        "ILD": 0.79111860670194,
        "ARPL": 2.103969705158865e-05,
        "有效推荐率": 1.0,
        "平均列表长度": 10.0
      },
      "Genre": {
        "Precision@K": 0.0045000000000000005,
        "Recall@K": 0.002404579579579579,
        "F1@K": 0.0029359101404400636,
        "NDCG@K": 0.004204006288629555,
        "ILD": 0.4079853550770217,
        "ARPL": 0.19552028517182962,
        "有效推荐率": 1.0,
        "平均列表长度": 10.0
      },
      "Qdrant": {
        "Precision@K": 0.009000000000000001,
        "Recall@K": 0.005578267876861227,
        "F1@K": 0.006390895492282214,
        "NDCG@K": 0.012712927349624701,
        "ILD": 0.6770618534243533,
        "ARPL": 0.35404769598190283,
        "有效推荐率": 1.0,
        "平均列表长度": 10.0
      }
    }
  },
  "item_coldstart": {
    "0-2": {
      "Random": {
        "Precision@K": 0.00101010101010101,
        "Recall@K": 7.419038407100383e-05,
        "F1@K": 0.00013632946113087332,
        "NDCG@K": 0.0005873976152297982,
        "ILD": 0.8700013067179735,
        "ARPL": 0.40427533258149057,
        "有效推荐率": 1.0,
        "平均列表长度": 10.0,
        "冷启动物品召回率": 0.409
      },
      "Popular": {
        "Precision@K": 0.2621212121212121,
        "Recall@K": 0.04829828874491549,
        "F1@K": 0.05869366647944565,
        "NDCG@K": 0.2397085507362121,
        "ILD": 0.7982581729998397,
        "ARPL": 2.197094368260496e-05,
        "有效推荐率": 1.0,
        "平均列表长度": 10.0,
        "冷启动物品召回率": 0.0
      },
      "Genre": {
        "Precision@K": 0.003535353535353535,
        "Recall@K": 0.0007165464337144454,
        "F1@K": 0.0011402485852992994,
        "NDCG@K": 0.0022595608114712234,
        "ILD": 0.41660252247752255,
        "ARPL": 0.19495620291481022,
        "有效推荐率": 1.0,
        "平均列表长度": 10.0,
        "冷启动物品召回率": 0.166
      },
      "Qdrant": {
        "Precision@K": 0.013131313131313133,
        "Recall@K": 0.006190524336768139,
        "F1@K": 0.006045411471806246,
        "NDCG@K": 0.017132088559732323,
        "ILD": 0.6674724415135131,
        "ARPL": 0.38984837703495395,
        "有效推荐率": 1.0,
        "平均列表长度": 10.0,
        "冷启动物品召回率": 0.261
      }
    },
    "3-10": {
      "Random": {
        "Precision@K": 0.0005,
        "Recall@K": 8.474576271186441e-05,
        "F1@K": 0.00014492753623188408,
        "NDCG@K": 0.0003824261667564115,
        "ILD": 0.867701699535033,
        "ARPL": 0.41935716248111554,
        "有效推荐率": 1.0,
        "平均列表长度": 10.0,
        "冷启动物品召回率": 0.2675
      },
      "Popular": {
        "Precision@K": 0.22550000000000003,
        "Recall@K": 0.04926616643500692,
        "F1@K": 0.06470563513880358,
        "NDCG@K": 0.20002947789389836,
        "ILD": 0.7979741822991824,